{"cameraMode":{"drawMode":0,"name":"Shaded","section":"Shading Mode"},"sceneLighting":true,"audioPlay":false,"sceneViewState":{"m_AlwaysRefresh":false,"showFog":true,"showSkybox":true,"showFlares":true,"showImageEffects":true,"showParticleSystems":true,"showVisualEffectGraphs":true,"m_FxEnabled":true},"in2DMode":false,"pivot":{"x":-1.1092952489852906,"y":-0.12166664004325867,"z":3.5720789432525636},"rotation":{"x":0.12450646609067917,"y":-0.6916377544403076,"z":0.13622453808784486,"w":0.6980807185173035},"size":10.449999809265137,"orthographic":false}