{"cameraMode":{"drawMode":0,"name":"Shaded","section":"Shading Mode"},"sceneLighting":false,"audioPlay":false,"sceneViewState":{"m_AlwaysRefresh":false,"showFog":true,"showSkybox":false,"showFlares":true,"showImageEffects":true,"showParticleSystems":true,"showVisualEffectGraphs":true,"m_FxEnabled":true},"in2DMode":false,"pivot":{"x":3.7120532989501955,"y":2.2035043239593508,"z":-0.4051285982131958},"rotation":{"x":0.11303166300058365,"y":-0.013906818814575673,"z":0.011089523322880268,"w":0.993422269821167},"size":0.8660253882408142,"orthographic":false}